{"Position":{"x":5.099999904632568,"y":-0.09000000357627869,"z":0.0},"EventName":"playerPosition"}
{"Position":{"x":9.420010566711426,"y":-0.09000805020332337,"z":0.0},"EventName":"playerPosition"}
{"Position":{"x":11.020018577575684,"y":-0.09001103043556214,"z":0.0},"EventName":"playerPosition"}
{"Position":{"x":12.620026588439942,"y":-0.0900140106678009,"z":0.0},"EventName":"playerPosition"}
{"Position":{"x":14.2200345993042,"y":-0.09001699090003967,"z":0.0},"EventName":"playerPosition"}
{"Position":{"x":15.820043563842774,"y":-0.09001997113227844,"z":0.0},"EventName":"playerPosition"}
{"Position":{"x":17.420061111450197,"y":-0.09002295136451721,"z":0.0},"EventName":"playerPosition"}
{"Position":{"x":18.220069885253908,"y":-0.0900244489312172,"z":0.0},"EventName":"playerPosition"}
{"Position":{"x":18.220069885253908,"y":-0.0900244414806366,"z":0.0},"EventName":"playerPosition"}
{"Position":{"x":18.220069885253908,"y":-0.0900244414806366,"z":0.0},"EventName":"playerPosition"}
{"Position":{"x":18.220069885253908,"y":-0.0900244414806366,"z":0.0},"EventName":"playerPosition"}
{"Position":{"x":18.220069885253908,"y":-0.0900244414806366,"z":0.0},"EventName":"playerPosition"}
{"Position":{"x":19.020069122314454,"y":-0.09002591669559479,"z":0.0},"EventName":"playerPosition"}
{"Position":{"x":20.23554229736328,"y":-0.09002809226512909,"z":0.0},"EventName":"playerPosition"}
{"Position":{"x":21.413785934448243,"y":-0.30002960562705996,"z":0.0},"EventName":"playerPosition"}
{"Position":{"x":23.013784408569337,"y":-1.092235803604126,"z":0.0},"EventName":"playerPosition"}
{"Position":{"x":24.61378288269043,"y":-1.0908527374267579,"z":0.0},"EventName":"playerPosition"}
{"Position":{"x":26.213781356811525,"y":-1.0908535718917847,"z":0.0},"EventName":"playerPosition"}
{"Position":{"x":27.813779830932618,"y":-1.090854525566101,"z":0.0},"EventName":"playerPosition"}
{"Position":{"x":29.41377830505371,"y":-1.090855598449707,"z":0.0},"EventName":"playerPosition"}
{"Position":{"x":31.013776779174806,"y":-1.0908565521240235,"z":0.0},"EventName":"playerPosition"}
{"Position":{"x":32.45377731323242,"y":-0.04085706174373627,"z":0.0},"EventName":"playerPosition"}
{"Position":{"x":34.053775787353519,"y":1.3091429471969605,"z":0.0},"EventName":"playerPosition"}
{"Position":{"x":35.65377426147461,"y":1.6591428518295289,"z":0.0},"EventName":"playerPosition"}
{"Position":{"x":37.2537727355957,"y":1.0091428756713868,"z":0.0},"EventName":"playerPosition"}
{"Position":{"x":38.8537712097168,"y":-0.0948014110326767,"z":0.0},"EventName":"playerPosition"}
{"Position":{"x":40.45376968383789,"y":-0.09085985273122788,"z":0.0},"EventName":"playerPosition"}
{"Position":{"x":42.053768157958987,"y":0.13914230465888978,"z":0.0},"EventName":"playerPosition"}
{"Position":{"x":43.65376663208008,"y":1.8891421556472779,"z":0.0},"EventName":"playerPosition"}
{"Position":{"x":45.25376510620117,"y":2.63914155960083,"z":0.0},"EventName":"playerPosition"}
{"Position":{"x":47.013763427734378,"y":2.3091418743133547,"z":0.0},"EventName":"playerPosition"}
{"Position":{"x":48.61376190185547,"y":0.9591423273086548,"z":0.0},"EventName":"playerPosition"}
{"Position":{"x":49.5429573059082,"y":-0.25598037242889407,"z":0.0},"EventName":"playerPosition"}
{"Position":{"x":50.72629165649414,"y":-0.05125351995229721,"z":0.0},"EventName":"playerPosition"}
{"Position":{"x":52.326290130615237,"y":-0.09086239337921143,"z":0.0},"EventName":"playerPosition"}
{"Position":{"x":53.92628860473633,"y":-0.09085749089717865,"z":0.0},"EventName":"playerPosition"}
{"Position":{"x":55.52628707885742,"y":1.7591423988342286,"z":0.0},"EventName":"playerPosition"}
{"Position":{"x":57.126285552978519,"y":2.6091418266296388,"z":0.0},"EventName":"playerPosition"}
{"Position":{"x":58.72628402709961,"y":2.459141969680786,"z":0.0},"EventName":"playerPosition"}
{"Position":{"x":60.3262825012207,"y":1.3091424703598023,"z":0.0},"EventName":"playerPosition"}
{"Position":{"x":62.086280822753909,"y":0.7691425681114197,"z":0.0},"EventName":"playerPosition"}
{"Position":{"x":63.686279296875,"y":2.219142198562622,"z":0.0},"EventName":"playerPosition"}
{"Position":{"x":65.28630828857422,"y":2.6691417694091799,"z":0.0},"EventName":"playerPosition"}
{"Position":{"x":66.88634490966797,"y":2.1191422939300539,"z":0.0},"EventName":"playerPosition"}
{"Position":{"x":68.48638153076172,"y":0.5691425800323486,"z":0.0},"EventName":"playerPosition"}
{"Position":{"x":69.97974395751953,"y":-0.09085589647293091,"z":0.0},"EventName":"playerPosition"}
{"Position":{"x":71.57978057861328,"y":-0.09085346758365631,"z":0.0},"EventName":"playerPosition"}
{"Position":{"x":73.17981719970703,"y":-0.09085100889205933,"z":0.0},"EventName":"playerPosition"}
{"Position":{"x":74.77985382080078,"y":0.76915043592453,"z":0.0},"EventName":"playerPosition"}
{"Position":{"x":76.37989044189453,"y":2.2191500663757326,"z":0.0},"EventName":"playerPosition"}
{"Position":{"x":77.97992706298828,"y":2.66914963722229,"z":0.0},"EventName":"playerPosition"}
{"Position":{"x":79.57996368408203,"y":2.119150161743164,"z":0.0},"EventName":"playerPosition"}
{"Position":{"x":81.34000396728516,"y":0.3591504395008087,"z":0.0},"EventName":"playerPosition"}
{"Position":{"x":82.9400405883789,"y":-2.290849447250366,"z":0.0},"EventName":"playerPosition"}
{"Position":{"x":84.54007720947266,"y":-5.9408488273620609,"z":0.0},"EventName":"playerPosition"}
{"Position":{"x":86.1401138305664,"y":-10.590847969055176,"z":0.0},"EventName":"playerPosition"}
{"Position":{"x":87.74014282226563,"y":-12.090866088867188,"z":0.0},"EventName":"playerPosition"}
{"Position":{"x":88.86048889160156,"y":-12.090837478637696,"z":0.0},"EventName":"playerPosition"}
{"Position":{"x":90.81024169921875,"y":-12.090835571289063,"z":0.0},"EventName":"playerPosition"}
{"Position":{"x":92.61024475097656,"y":-12.09083366394043,"z":0.0},"EventName":"playerPosition"}
{"Position":{"x":94.21028137207031,"y":-11.230833053588868,"z":0.0},"EventName":"playerPosition"}
{"Position":{"x":95.81031799316406,"y":-9.78083324432373,"z":0.0},"EventName":"playerPosition"}
{"Position":{"x":95.97032165527344,"y":-8.658832550048829,"z":6.993821966005953e-9},"EventName":"playerPosition"}
{"Position":{"x":94.37028503417969,"y":-7.528833389282227,"z":6.993821966005953e-9},"EventName":"playerPosition"}
{"Position":{"x":93.30314636230469,"y":-7.374833106994629,"z":6.993821966005953e-9},"EventName":"playerPosition"}
{"Position":{"x":94.74369812011719,"y":-5.980833053588867,"z":6.993821966005953e-9},"EventName":"playerPosition"}
{"Position":{"x":96.50373840332031,"y":-5.350833415985107,"z":-1.3987643932011906e-8},"EventName":"playerPosition"}
{"Position":{"x":96.21646118164063,"y":-3.7308356761932375,"z":-1.3987643932011906e-8},"EventName":"playerPosition"}
{"Position":{"x":94.4564208984375,"y":-2.500835418701172,"z":2.098146545392865e-8},"EventName":"playerPosition"}
{"Position":{"x":93.30017852783203,"y":-1.7868353128433228,"z":2.098146545392865e-8},"EventName":"playerPosition"}
{"Position":{"x":94.42231750488281,"y":-0.13683536648750306,"z":-2.7975287864023813e-8},"EventName":"playerPosition"}
{"Position":{"x":96.02235412597656,"y":0.5131645798683167,"z":-2.7975287864023813e-8},"EventName":"playerPosition"}
{"Position":{"x":97.62239074707031,"y":0.1631646454334259,"z":-2.7975287864023813e-8},"EventName":"playerPosition"}
{"Position":{"x":98.08528137207031,"y":-0.09098177403211594,"z":-2.7975287864023813e-8},"EventName":"playerPosition"}
{"Position":{"x":99.68717956542969,"y":-0.09086564183235169,"z":-2.7975287864023813e-8},"EventName":"playerPosition"}
{"Position":{"x":101.64715576171875,"y":-0.09086429327726364,"z":-2.7975287864023813e-8},"EventName":"playerPosition"}
{"Position":{"x":101.84074401855469,"y":-0.0936330109834671,"z":-2.7975287864023813e-8},"EventName":"playerPosition"}
{"Position":{"x":101.83198547363281,"y":-0.09199769049882889,"z":-2.7975287864023813e-8},"EventName":"playerPosition"}
{"Position":{"x":103.63146209716797,"y":-0.09274840354919434,