{"Position":{"x":9.619999885559082,"y":-0.029999999329447748,"z":0.0},"EventName":"playerPosition"}
{"Position":{"x":12.499066352844239,"y":-0.09000223875045777,"z":0.0},"EventName":"playerPosition"}
{"Position":{"x":12.652026176452637,"y":-0.0900023877620697,"z":0.0},"EventName":"playerPosition"}
{"Position":{"x":12.793200492858887,"y":-0.09000252187252045,"z":0.0},"EventName":"playerPosition"}
{"Position":{"x":12.916906356811524,"y":-0.09000264108181,"z":0.0},"EventName":"playerPosition"}
{"Position":{"x":13.017420768737793,"y":-0.09000273048877716,"z":0.0},"EventName":"playerPosition"}
{"Position":{"x":13.089092254638672,"y":-0.09000279009342194,"z":0.0},"EventName":"playerPosition"}
{"Position":{"x":13.126238822937012,"y":-0.09000281989574433,"z":0.0},"EventName":"playerPosition"}
{"Position":{"x":13.163385391235352,"y":-0.09000284969806671,"z":0.0},"EventName":"playerPosition"}
{"Position":{"x":13.163385391235352,"y":-0.09000284224748612,"z":0.0},"EventName":"playerPosition"}
{"Position":{"x":13.163385391235352,"y":-0.09000284224748612,"z":0.0},"EventName":"playerPosition"}
{"Position":{"x":13.163385391235352,"y":-0.09000284224748612,"z":0.0},"EventName":"playerPosition"}
{"Position":{"x":13.163385391235352,"y":-0.09000284224748612,"z":0.0},"EventName":"playerPosition"}
{"Position":{"x":13.163385391235352,"y":-0.09000284224748612,"z":0.0},"EventName":"playerPosition"}
{"Position":{"x":13.163385391235352,"y":-0.09000284224748612,"z":0.0},"EventName":"playerPosition"}
{"Position":{"x":13.163385391235352,"y":-0.09000284224748612,"z":0.0},"EventName":"playerPosition"}
{"Position":{"x":13.163385391235352,"y":-0.09000284224748612,"z":0.0},"EventName":"playerPosition"}
{"Position":{"x":13.163385391235352,"y":-0.09000283479690552,"z":0.0},"EventName":"playerPosition"}
{"Position":{"x":13.163385391235352,"y":-0.09000283479690552,"z":0.0},"EventName":"playerPosition"}
{"Position":{"x":13.163385391235352,"y":-0.09000283479690552,"z":0.0},"EventName":"playerPosition"}
{"Position":{"x":13.163385391235352,"y":-0.09000283479690552,"z":0.0},"EventName":"playerPosition"}
{"Position":{"x":13.163385391235352,"y":-0.09000283479690552,"z":0.0},"EventName":"playerPosition"}
{"Position":{"x":13.163385391235352,"y":-0.09000283479690552,"z":0.0},"EventName":"playerPosition"}
{"Position":{"x":13.163385391235352,"y":-0.09000283479690552,"z":0.0},"EventName":"playerPosition"}
{"Position":{"x":13.163385391235352,"y":-0.09000283479690552,"z":0.0},"EventName":"playerPosition"}
{"Position":{"x":13.163385391235352,"y":-0.09000283479690552,"z":0.0},"EventName":"playerPosition"}
{"Position":{"x":13.163385391235352,"y":-0.09000283479690552,"z":0.0},"EventName":"playerPosition"}
{"Position":{"x":13.163385391235352,"y":-0.09000283479690552,"z":0.0},"EventName":"playerPosition"}
{"Position":{"x":13.163385391235352,"y":-0.09000283479690552,"z":0.0},"EventName":"playerPosition"}
{"Position":{"x":13.163385391235352,"y":-0.09000283479690552,"z":0.0},"EventName":"playerPosition"}
{"Position":{"x":13.163385391235352,"y":-0.09000283479690552,"z":0.0},"EventName":"playerPosition"}
{"Position":{"x":13.163385391235352,"y":-0.09000283479690552,"z":0.0},"EventName":"playerPosition"}
{"Position":{"x":13.163385391235352,"y":-0.09000283479690552,"z":0.0},"EventName":"playerPosition"}
{"Position":{"x":13.163385391235352,"y":-0.09000283479690552,"z":0.0},"EventName":"playerPosition"}
{"Position":{"x":13.163385391235352,"y":-0.09000283479690552,"z":0.0},"EventName":"playerPosition"}
{"Position":{"x":13.163385391235352,"y":-0.09000283479690552,"z":0.0},"EventName":"playerPosition"}
{"Position":{"x":13.163385391235352,"y":-0.09000283479690552,"z":0.0},"EventName":"playerPosition"}
{"Position":{"x":13.163385391235352,"y":-0.09000283479690552,"z":0.0},"EventName":"playerPosition"}
{"Position":{"x":13.163385391235352,"y":-0.09000283479690552,"z":0.0},"EventName":"playerPosition"}
{"Position":{"x":13.163385391235352,"y":-0.09000283479690552,"z":0.0},"EventName":"playerPosition"}
{"Position":{"x":13.163385391235352,"y":-0.09000283479690552,"z":0.0},"EventName":"playerPosition"}
{"Position":{"x":13.163385391235352,"y":-0.09000283479690552,"z":0.0},"EventName":"playerPosition"}
{"Position":{"x":13.163385391235352,"y":-0.09000283479690552,"z":0.0},"EventName":"playerPosition"}
{"Position":{"x":13.163385391235352,"y":-0.09000283479690552,"z":0.0},"EventName":"playerPosition"}
{"Position":{"x":13.163385391235352,"y":-0.09000283479690552,"z":0.0},"EventName":"playerPosition"}
{"Position":{"x":13.163385391235352,"y":-0.09000283479690552,"z":0.0},"EventName":"playerPosition"}
{"Position":{"x":13.163385391235352,"y":-0.09000283479690552,"z":0.0},"EventName":"playerPosition"}
{"Position":{"x":13.163385391235352,"y":-0.09000283479690552,"z":0.0},"EventName":"playerPosition"}
{"Position":{"x":13.163385391235352,"y":-0.09000283479690552,"z":0.0},"EventName":"playerPosition"}
{"Position":{"x":13.163385391235352,"y":-0.09000283479690552,"z":0.0},"EventName":"playerPosition"}
{"Position":{"x":13.163385391235352,"y":-0.09000283479690552,"z":0.0},"EventName":"playerPosition"}
{"Position":{"x":13.163385391235352,"y":-0.09000283479690552,"z":0.0},"EventName":"playerPosition"}
{"Position":{"x":13.163385391235352,"y":-0.09000283479690552,"z":0.0},"EventName":"playerPosition"}
{"Position":{"x":13.163385391235352,"y":-0.09000283479690552,"z":0.0},"EventName":"playerPosition"}
{"Position":{"x":13.163385391235352,"y":-0.09000283479690552,"z":0.0},"EventName":"playerPosition"}
{"Position":{"x":13.163385391235352,"y":-0.09000283479690552,"z":0.0},"EventName":"playerPosition"}
{"Position":{"x":13.163385391235352,"y":-0.09000283479690552,"z":0.0},"EventName":"playerPosition"}
{"Position":{"x":13.163385391235352,"y":-0.09000283479690552,"z":0.0},"EventName":"playerPosition"}
{"Position":{"x":13.163385391235352,"y":-0.09000283479690552,"z":0.0},"EventName":"playerPosition"}
{"Position":{"x":13.163385391235352,"y":-0.09000283479690552,"z":0.0},"EventName":"playerPosition"}
{"Position":{"x":13.163385391235352,"y":-0.09000283479690552,"z":0.0},"EventName":"playerPosition"}
{"Position":{"x":13.163385391235352,"y":-0.09000283479690552,"z":0.0},"EventName":"playerPosition"}
{"Position":{"x":13.163385391235352,"y":-0.09000283479690552,"z":0.0},"EventName":"playerPosition"}
{"Position":{"x":13.163385391235352,"y":-0.09000283479690552,"z":0.0},"EventName":"playerPosition"}
{"Position":{"x":13.163385391235352,"y":-0.09000283479690552,"z":0.0},"EventName":"playerPosition"}
{"Position":{"x":13.163385391235352,"y":-0.09000283479690552,"z":0.0},"EventName":"playerPosition"}
{"Position":{"x":13.163385391235352,"y":-0.09000283479690552,"z":0.0},"EventName":"playerPosition"}
{"Position":{"x":13.163385391235352,"y":-0.09000283479690552,"z":0.0},"EventName":"playerPosition"}
{"Position":{"x":13.163385391235352,"y":-0.09000283479690552,"z":0.0},"EventName":"playerPosition"}
{"Position":{"x":13.163385391235352,"y":-0.09000283479690552,"z":0.0},"EventName":"playerPosition"}
{"Position":{"x":13.163385391235352,"y":-0.09000283479690552,"z":0.0},"EventName":"playerPosition"}
{"Position":{"x":13.163385391235352,"y":-0.09000283479690552,"z":0.0},"EventName":"playerPosition"}
{"Position":{"x":13.163385391235352,"y":-0.09000283479690552,"z":0.0},"EventName":"playerPosition"}
{"Position":{"x":13.163385391235352,"y":-0.09000283479690552,"z":0.0},"EventName":"playerPosition"}
{"Position":{"x":13.163385391235352,"y":-0.09000283479690552,"z":0.0},"EventName":"playerPosition"}
{"Position":{"x":13.163385391235352,"y":-0.09000283479690552,"z":0.0},"EventName":"playerPosition"}
{"Position":{"x":13.163385391235352,"y":-0.09000283479690552,"z":0.0},"EventName":"playerPosition"}
{"Position":{"x":13.163385391235352,"y":-0.09000283479690552,"z":0.0},"EventName":"playerPosition"}
{"Position":{"x":13.163385391235352,"y":-0.09000283479690552,"z":0.0},"EventName":"playerPosition"}
{"Position":{"x":13.163385391235352,"y":-0.09000283479690552,"z":0.0},