{"Position":{"x":6.279999732971191,"y":-0.10300000011920929,"z":0.0},"EventName":"playerPosition"}
{"Position":{"x":9.479996681213379,"y":-0.09083296358585358,"z":0.0},"EventName":"playerPosition"}
{"Position":{"x":11.079995155334473,"y":-0.09083355963230133,"z":0.0},"EventName":"playerPosition"}
{"Position":{"x":12.679993629455567,"y":-0.09083415567874909,"z":0.0},"EventName":"playerPosition"}
{"Position":{"x":14.27999210357666,"y":-0.09083475172519684,"z":0.0},"EventName":"playerPosition"}
{"Position":{"x":15.879990577697754,"y":-0.09083530306816101,"z":0.0},"EventName":"playerPosition"}
{"Position":{"x":17.479990005493165,"y":-0.09083588421344757,"z":0.0},"EventName":"playerPosition"}
{"Position":{"x":19.079988479614259,"y":-0.09083648025989533,"z":0.0},"EventName":"playerPosition"}
{"Position":{"x":20.67998695373535,"y":-0.09083707630634308,"z":0.0},"EventName":"playerPosition"}
{"Position":{"x":22.279985427856447,"y":-0.09083767235279083,"z":0.0},"EventName":"playerPosition"}
{"Position":{"x":24.03998374938965,"y":-0.09083832800388336,"z":0.0},"EventName":"playerPosition"}
{"Position":{"x":25.639982223510743,"y":-0.09083889424800873,"z":0.0},"EventName":"playerPosition"}
{"Position":{"x":27.239980697631837,"y":-0.0908394604921341,"z":0.0},"EventName":"playerPosition"}
{"Position":{"x":28.83997917175293,"y":-0.09084005653858185,"z":0.0},"EventName":"playerPosition"}
{"Position":{"x":30.279977798461915,"y":0.9591596722602844,"z":0.0},"EventName":"playerPosition"}
{"Position":{"x":31.879976272583009,"y":2.309159278869629,"z":0.0},"EventName":"playerPosition"}
{"Position":{"x":33.479976654052737,"y":2.659158945083618,"z":0.0},"EventName":"playerPosition"}
{"Position":{"x":35.07997512817383,"y":2.009159564971924,"z":0.0},"EventName":"playerPosition"}
{"Position":{"x":36.67997360229492,"y":0.3591597378253937,"z":0.0},"EventName":"playerPosition"}
{"Position":{"x":38.119972229003909,"y":1.3091596364974976,"z":0.0},"EventName":"playerPosition"}
{"Position":{"x":39.719970703125,"y":2.4591591358184816,"z":0.0},"EventName":"playerPosition"}
{"Position":{"x":41.319969177246097,"y":2.609158992767334,"z":0.0},"EventName":"playerPosition"}
{"Position":{"x":42.91996765136719,"y":1.7591595649719239,"z":0.0},"EventName":"playerPosition"}
{"Position":{"x":44.51996612548828,"y":-0.09084025025367737,"z":0.0},"EventName":"playerPosition"}
{"Position":{"x":46.279964447021487,"y":-0.0908409059047699,"z":0.0},"EventName":"playerPosition"}
{"Position":{"x":47.87996292114258,"y":-0.09084150195121765,"z":0.0},"EventName":"playerPosition"}
{"Position":{"x":49.47996139526367,"y":-0.0908420979976654,"z":0.0},"EventName":"playerPosition"}
{"Position":{"x":51.079959869384769,"y":-0.09084269404411316,"z":0.0},"EventName":"playerPosition"}
{"Position":{"x":52.67995834350586,"y":-0.09084329009056092,"z":0.0},"EventName":"playerPosition"}
{"Position":{"x":54.27995681762695,"y":-0.09084388613700867,"z":0.0},"EventName":"playerPosition"}
{"Position":{"x":55.87995529174805,"y":-0.09084448218345642,"z":0.0},"EventName":"playerPosition"}
{"Position":{"x":57.47995376586914,"y":-0.09084507822990418,"z":0.0},"EventName":"playerPosition"}
{"Position":{"x":59.079952239990237,"y":-0.09084567427635193,"z":0.0},"EventName":"playerPosition"}
{"Position":{"x":60.67995071411133,"y":-0.09084627032279968,"z":0.0},"EventName":"playerPosition"}
{"Position":{"x":62.27994918823242,"y":-0.09084686636924744,"z":0.0},"EventName":"playerPosition"}
{"Position":{"x":64.03994750976563,"y":-0.09084752202033997,"z":0.0},"EventName":"playerPosition"}
{"Position":{"x":65.63998413085938,"y":-0.09084811806678772,"z":0.0},"EventName":"playerPosition"}
{"Position":{"x":67.24002075195313,"y":-0.09084871411323548,"z":0.0},"EventName":"playerPosition"}
{"Position":{"x":68.84005737304688,"y":-0.09084931015968323,"z":0.0},"EventName":"playerPosition"}
{"Position":{"x":70.44009399414063,"y":-0.09084990620613098,"z":0.0},"EventName":"playerPosition"}
{"Position":{"x":72.04013061523438,"y":-0.09085050225257874,"z":0.0},"EventName":"playerPosition"}
{"Position":{"x":73.64016723632813,"y":-0.09085109829902649,"z":0.0},"EventName":"playerPosition"}
{"Position":{"x":75.24020385742188,"y":-0.09085169434547425,"z":0.0},"EventName":"playerPosition"}
{"Position":{"x":76.84024047851563,"y":-0.08087718486785889,"z":0.0},"EventName":"playerPosition"}
{"Position":{"x":78.44027709960938,"y":-0.09085790067911148,"z":0.0},"EventName":"playerPosition"}
{"Position":{"x":79.64693450927735,"y":-0.7408578395843506,"z":6.993821966005953e-9},"EventName":"playerPosition"}
{"Position":{"x":78.35407257080078,"y":-2.3908579349517824,"z":6.993821966005953e-9},"EventName":"playerPosition"}
{"Position":{"x":76.75403594970703,"y":-5.040858268737793,"z":6.993821966005953e-9},"EventName":"playerPosition"}
{"Position":{"x":75.44192504882813,"y":-8.690857887268067,"z":-1.3987643932011906e-8},"EventName":"playerPosition"}
{"Position":{"x":76.6448974609375,"y":-13.860857963562012,"z":-1.3987643932011906e-8},"EventName":"playerPosition"}
{"Position":{"x":78.23944854736328,"y":-19.610858917236329,"z":-1.3987643932011906e-8},"EventName":"playerPosition"}
{"Position":{"x":78.11577606201172,"y":-24.092472076416017,"z":2.098146545392865e-8},"EventName":"playerPosition"}
{"Position":{"x":76.51573944091797,"y":-24.090864181518556,"z":2.098146545392865e-8},"EventName":"playerPosition"}
{"Position":{"x":74.91570281982422,"y":-24.090864181518556,"z":2.098146545392865e-8},"EventName":"playerPosition"}
{"Position":{"x":73.71553039550781,"y":-24.090864181518556,"z":2.098146545392865e-8},"EventName":"playerPosition"}
{"Position":{"x":72.43647003173828,"y":-24.090864181518556,"z":2.098146545392865e-8},"EventName":"playerPosition"}
{"Position":{"x":70.51648712158203,"y":-24.090864181518556,"z":2.098146545392865e-8},"EventName":"playerPosition"}
{"Position":{"x":68.91645050048828,"y":-24.090864181518556,"z":2.098146545392865e-8},"EventName":"playerPosition"}
{"Position":{"x":67.31641387939453,"y":-24.090864181518556,"z":2.098146545392865e-8},"EventName":"playerPosition"}
{"Position":{"x":65.71637725830078,"y":-24.090864181518556,"z":2.098146545392865e-8},"EventName":"playerPosition"}
{"Position":{"x":64.4026107788086,"y":-24.090864181518556,"z":2.098146545392865e-8},"EventName":"playerPosition"}
{"Position":{"x":63.0992431640625,"y":-22.24086570739746,"z":2.098146545392865e-8},"EventName":"playerPosition"}
{"Position":{"x":61.6772346496582,"y":-21.360864639282228,"z":2.098146545392865e-8},"EventName":"playerPosition"}
{"Position":{"x":60.20121765136719,"y":-21.610864639282228,"z":2.098146545392865e-8},"EventName":"playerPosition"}
{"Position":{"x":58.619258880615237,"y":-22.860864639282228,"z":2.098146545392865e-8},"EventName":"playerPosition"}
{"Position":{"x":57.5803108215332,"y":-25.110864639282228,"z":2.098146545392865e-8},"EventName":"playerPosition"}
{"Position":{"x":56.73936462402344,"y":-28.36086654663086,"z":-2.7975287864023813e-8},"EventName":"playerPosition"}
{"Position":{"x":58.539371490478519,"y":-30.460866928100587,"z":-2.7975287864023813e-8},"EventName":"playerPosition"}
{"Position":{"x":60.05937576293945,"y":-31.410865783691408,"z":-2.7975287864023813e-8},"EventName":"playerPosition"}
{"Position":{"x":61.65907669067383,"y":-32.092811584472659,"z":-2.7975287864023813e-8},"EventName":"playerPosition"}
{"Position":{"x":62.654693603515628,"y":-32.090877532958987,"z":-2.7975287864023813e-8},"EventName":"playerPosition"}
{"Position":{"x":64.25469970703125,"y":-32.09086227416992,"z":-2.7975287864023813e-8},"EventName":"playerPosition"}
{"Position":{"x":65.854736328125,"y":-32.09086227416992,"z":-2.7975287864023813e-8},"EventName":"playerPosition"}
{"Position":{"x":67.34809875488281,"y":-32.09086227416992,"z":-2.7975287864023813e-8},"EventName":"playerPosition"}
{"Position":{"x":69.05480194091797,"y":-32.64086151123047,"z":-2.7975287864023813e-8},"EventName":"playerPosition"}
{"Position":{"x":70.65483856201172,"y":-33.09175491333008,"z":-2.7975287864023813e-8},