{"Position":{"x":-9.730000495910645,"y":-4.073999881744385,"z":0.0},"EventName":"playerPosition"}
{"Position":{"x":-8.475540161132813,"y":-4.090856552124023,"z":0.0},"EventName":"playerPosition"}
{"Position":{"x":-8.475540161132813,"y":-4.090856552124023,"z":0.0},"EventName":"playerPosition"}
{"Position":{"x":-8.475540161132813,"y":-4.090856552124023,"z":0.0},"EventName":"playerPosition"}
{"Position":{"x":-8.475540161132813,"y":-4.090856552124023,"z":0.0},"EventName":"playerPosition"}
{"Position":{"x":-8.475540161132813,"y":-4.090856552124023,"z":0.0},"EventName":"playerPosition"}
{"Position":{"x":-8.475540161132813,"y":-4.090856552124023,"z":0.0},"EventName":"playerPosition"}
{"Position":{"x":-8.475540161132813,"y":-4.090856552124023,"z":0.0},"EventName":"playerPosition"}
{"Position":{"x":-8.475540161132813,"y":-4.090856552124023,"z":0.0},"EventName":"playerPosition"}
{"Position":{"x":-7.799755096435547,"y":-3.5972273349761965,"z":0.0},"EventName":"playerPosition"}
{"Position":{"x":-6.900485992431641,"y":-2.6964938640594484,"z":0.0},"EventName":"playerPosition"}
{"Position":{"x":-5.955397605895996,"y":-2.0605814456939699,"z":0.0},"EventName":"playerPosition"}
{"Position":{"x":-4.4087324142456059,"y":-1.4315059185028077,"z":0.0},"EventName":"playerPosition"}
{"Position":{"x":-2.6487321853637697,"y":0.2184942215681076,"z":0.0},"EventName":"playerPosition"}
{"Position":{"x":-1.0487319231033326,"y":0.6684942245483398,"z":0.0},"EventName":"playerPosition"}
{"Position":{"x":0.5512678623199463,"y":0.11849425733089447,"z":0.0},"EventName":"playerPosition"}
{"Position":{"x":2.1512675285339357,"y":-0.0911022499203682,"z":0.0},"EventName":"playerPosition"}
{"Position":{"x":3.7512683868408205,"y":-0.09086654335260391,"z":0.0},"EventName":"playerPosition"}
{"Position":{"x":5.351267337799072,"y":-0.09086334705352783,"z":0.0},"EventName":"playerPosition"}
{"Position":{"x":6.951265811920166,"y":-0.09086278825998306,"z":0.0},"EventName":"playerPosition"}
{"Position":{"x":8.551263809204102,"y":-0.09086230397224426,"z":0.0},"EventName":"playerPosition"}
{"Position":{"x":10.311262130737305,"y":-0.09086178243160248,"z":0.0},"EventName":"playerPosition"}
{"Position":{"x":11.911260604858399,"y":-0.09086130559444428,"z":0.0},"EventName":"playerPosition"}
{"Position":{"x":13.351259231567383,"y":0.35913902521133425,"z":0.0},"EventName":"playerPosition"}
{"Position":{"x":14.951257705688477,"y":2.009138822555542,"z":0.0},"EventName":"playerPosition"}
{"Position":{"x":16.55125617980957,"y":1.685511589050293,"z":0.0},"EventName":"playerPosition"}
{"Position":{"x":17.720911026000978,"y":0.3355128765106201,"z":6.993821966005953e-9},"EventName":"playerPosition"}
{"Position":{"x":16.47454261779785,"y":-0.09167996048927307,"z":6.993821966005953e-9},"EventName":"playerPosition"}
{"Position":{"x":15.426044464111329,"y":-0.09086981415748596,"z":-1.3987643932011906e-8},"EventName":"playerPosition"}
{"Position":{"x":16.843738555908204,"y":-0.09086005389690399,"z":-1.3987643932011906e-8},"EventName":"playerPosition"}
{"Position":{"x":18.443737030029298,"y":-0.09085944294929505,"z":-1.3987643932011906e-8},"EventName":"playerPosition"}
{"Position":{"x":19.88373565673828,"y":1.619140386581421,"z":-1.3987643932011906e-8},"EventName":"playerPosition"}
{"Position":{"x":21.643733978271486,"y":2.6091396808624269,"z":-1.3987643932011906e-8},"EventName":"playerPosition"}
{"Position":{"x":23.243732452392579,"y":2.459139823913574,"z":-1.3987643932011906e-8},"EventName":"playerPosition"}
{"Position":{"x":24.843730926513673,"y":1.3091403245925904,"z":-1.3987643932011906e-8},"EventName":"playerPosition"}
{"Position":{"x":26.443729400634767,"y":2.5191404819488527,"z":-1.3987643932011906e-8},"EventName":"playerPosition"}
{"Position":{"x":28.04372787475586,"y":3.5691401958465578,"z":-1.3987643932011906e-8},"EventName":"playerPosition"}
{"Position":{"x":29.643726348876954,"y":3.619140148162842,"z":-1.3987643932011906e-8},"EventName":"playerPosition"}
{"Position":{"x":31.243724822998048,"y":2.6691410541534426,"z":-1.3987643932011906e-8},"EventName":"playerPosition"}
{"Position":{"x":32.650146484375,"y":0.7191405296325684,"z":-1.3987643932011906e-8},"EventName":"playerPosition"}
{"Position":{"x":34.14766311645508,"y":2.569140672683716,"z":-1.3987643932011906e-8},"EventName":"playerPosition"}
{"Position":{"x":35.74766159057617,"y":3.419139862060547,"z":-1.3987643932011906e-8},"EventName":"playerPosition"}
{"Position":{"x":37.347660064697269,"y":3.2691400051116945,"z":-1.3987643932011906e-8},"EventName":"playerPosition"}
{"Position":{"x":38.94765853881836,"y":2.119140148162842,"z":-1.3987643932011906e-8},"EventName":"playerPosition"}
{"Position":{"x":40.54765701293945,"y":-0.03085992857813835,"z":-1.3987643932011906e-8},"EventName":"playerPosition"}
{"Position":{"x":42.14765548706055,"y":-0.09125742316246033,"z":-1.3987643932011906e-8},"EventName":"playerPosition"}
{"Position":{"x":43.90765380859375,"y":1.3090804815292359,"z":-1.3987643932011906e-8},"EventName":"playerPosition"}
{"Position":{"x":45.507652282714847,"y":1.9855036735534669,"z":-1.3987643932011906e-8},"EventName":"playerPosition"}
{"Position":{"x":47.10765075683594,"y":1.1355055570602418,"z":-1.3987643932011906e-8},"EventName":"playerPosition"}
{"Position":{"x":48.70764923095703,"y":-0.10278470069169998,"z":-1.3987643932011906e-8},"EventName":"playerPosition"}
{"Position":{"x":50.307647705078128,"y":-0.09094041585922241,"z":-1.3987643932011906e-8},"EventName":"playerPosition"}
{"Position":{"x":51.90764617919922,"y":-0.09085360169410706,"z":-1.3987643932011906e-8},"EventName":"playerPosition"}
{"Position":{"x":53.50764465332031,"y":-0.09085281938314438,"z":-1.3987643932011906e-8},"EventName":"playerPosition"}
{"Position":{"x":55.107643127441409,"y":-0.0908529981970787,"z":-1.3987643932011906e-8},"EventName":"playerPosition"}
{"Position":{"x":56.7076416015625,"y":-0.09085319936275482,"z":-1.3987643932011906e-8},"EventName":"playerPosition"}
{"Position":{"x":58.307640075683597,"y":-0.09085341542959213,"z":-1.3987643932011906e-8},"EventName":"playerPosition"}
{"Position":{"x":59.90763854980469,"y":-0.09085363894701004,"z":-1.3987643932011906e-8},"EventName":"playerPosition"}
{"Position":{"x":61.66763687133789,"y":-0.09085390716791153,"z":-1.3987643932011906e-8},"EventName":"playerPosition"}
{"Position":{"x":63.267635345458987,"y":-0.09085412323474884,"z":-1.3987643932011906e-8},"EventName":"playerPosition"}
{"Position":{"x":64.86766052246094,"y":-0.09085433185100556,"z":-1.3987643932011906e-8},"EventName":"playerPosition"}
{"Position":{"x":66.46769714355469,"y":-0.09085455536842346,"z":-1.3987643932011906e-8},"EventName":"playerPosition"}
{"Position":{"x":68.06773376464844,"y":-0.09085480123758316,"z":-1.3987643932011906e-8},"EventName":"playerPosition"}
{"Position":{"x":69.66777038574219,"y":-0.09085501730442047,"z":-1.3987643932011906e-8},"EventName":"playerPosition"}
{"Position":{"x":71.26780700683594,"y":1.6191446781158448,"z":-1.3987643932011906e-8},"EventName":"playerPosition"}
{"Position":{"x":72.86784362792969,"y":1.886159062385559,"z":-1.3987643932011906e-8},"EventName":"playerPosition"}
{"Position":{"x":74.46788024902344,"y":0.8361590504646301,"z":-1.3987643932011906e-8},"EventName":"playerPosition"}
{"Position":{"x":75.90791320800781,"y":-0.09415233880281449,"z":-1.3987643932011906e-8},"EventName":"playerPosition"}
{"Position":{"x":77.50794982910156,"y":1.7558475732803345,"z":-1.3987643932011906e-8},"EventName":"playerPosition"}
{"Position":{"x":79.10798645019531,"y":1.8351562023162842,"z":-1.3987643932011906e-8},"EventName":"playerPosition"}
{"Position":{"x":80.86802673339844,"y":0.5151572823524475,"z":-1.3987643932011906e-8},"EventName":"playerPosition"}
{"Position":{"x":82.46806335449219,"y":0.3560088574886322,"z":-1.3987643932011906e-8},"EventName":"playerPosition"}
{"Position":{"x":84.06809997558594,"y":2.0060086250305177,"z":-1.3987643932011906e-8},"EventName":"playerPosition"}
{"Position":{"x":85.66813659667969,